<?xml version='1.0' encoding='ISO-8859-1'?>
<!DOCTYPE index PUBLIC "-//Sun Microsystems Inc.//DTD JavaHelp Index Version 2.0//EN"
                       "http://java.sun.com/products/javahelp/index_2_0.dtd">

<index version="2.0">
	<indexitem text="About SimPhy" target="about" />
	<indexitem text="Add body " target="add-body" />
	<indexitem text="Add fixture" target="add-fixture1" />
	<indexitem text="Add new  joint" target="add-joint" />
	<indexitem text="Add new ray" target="add-ray" />
	<indexitem text="Add new widget" target="add-widget" />
	<indexitem text="Advanced Setting" target="advanced" />
	<indexitem text="Analyze toolbar" target="analyze-toolbar" />
	<indexitem text="Apply external force" target="apply-force" />
	<indexitem text="Apply external torque" target="apply-torque" />
	<indexitem text="Background of Simphy" target="background" />
	<indexitem text="Bodies" target="bodies" />
	<indexitem text="bounds" target="bounds" />
	<indexitem text="Brush" target="brush" />
	<indexitem text="Button" target="button1" />
	<indexitem text="Camera" target="camera" />
	<indexitem text="Camera, Brush and Gesture" target="camera-brush-gesture" />
	<indexitem text="camera-brush-torque" target="camera-brush-gesture" />
	<indexitem text="Collision filterering" target="collision-filter" />
	<indexitem text="Controls toolbar" target="controls-toolbar" />
	<indexitem text="Create and save Simulations" target="projadmin" />
	<indexitem text="Creating a new simulation" target="proj_create" />
	<indexitem text="Download" target="proj_upload_download" />
	<indexitem text="Downloading and uploading simulation" target="proj_upload_download" />
	<indexitem text="Edit a body" target="edit-body" />
	<indexitem text="Edit a joint" target="edit-joint" />
	<indexitem text="Edit a widget" target="edit-widget" />
	<indexitem text="Edit fixture" target="edit-fixture" />
	<indexitem text="Edit force" target="edit-force" />
	<indexitem text="Edit ray" target="edit-ray" />
	<indexitem text="Exit" target="exit" />
	<indexitem text="Export.." target="proj_export" />
	<indexitem text="Exporting simulation" target="proj_export" />
	<indexitem text="Export Simulation" target="proj_export" />
	<indexitem text="Field forces" target="field-forces" />
	<indexitem text="Field forces" target="field-forces" />
	<indexitem text="File Menu" target="file" />
	<indexitem text="File Toolbar" target="file-toolbar" />
	<indexitem text="Fixture" target="fixture" />
	<indexitem text="Forces and Torque" target="features" />
	<indexitem text="Forces and torques" target="forces-and-torques" />
	<indexitem text="Gesture tool" target="gesture-tool" />
	<indexitem text="Gravity and fields" target="gravity" />
	<indexitem text="Help in SimPhy" target="help" />
	<indexitem text="Help Menu" target="help-menu1" />
	<indexitem text="Help Topics" target="help" />
	<indexitem text="Import.." target="proj_import" />
	<indexitem text="Importing a simulation" target="proj_import" />
	<indexitem text="Introduction to SimPhy" target="introduction" />
	<indexitem text="Joints" target="joints" />
	<indexitem text="Joints toolbar" target="joints_toolbar1" />
	<indexitem text="Key Controllars for Body" target="keycontrollar" />
	<indexitem text="Listbox and combobox" target="list-and-combo1" />
	<indexitem text="Main menu" target="menu" />
	<indexitem text="Material properties for body.html" target="material-properties1" />
	<indexitem text="miscellaneous-toolbar" target="miscellaneous-toolbar" />
	<indexitem text="New" target="proj_create" />
	<indexitem text="Non scriptable widgets(Label and Text)" target="non-scriptable-widgets" />
	<indexitem text="Objects toolbar" target="objects-toolbar" />
	<indexitem text="Open.." target="proj_open" />
	<indexitem text="Opening a simulation" target="proj_open" />
	<indexitem text="Property Panel" target="property-panel" />
	<indexitem text="Quick settings for objects and joints" target="basic-settings" />
	<indexitem text="Rays" target="rays" />
	<indexitem text="Remove a joint" target="remove-joint" />
	<indexitem text="Remove a ray" target="remove-ray" />
	<indexitem text="Remove a widget" target="remove-widget" />
	<indexitem text="Remove body(s)" target="remove-body" />
	<indexitem text="Remove fixture" target="remove-fixture" />
	<indexitem text="Remove force/torque" target="remove-force-torque" />
	<indexitem text="Saving a simulation" target="proj_save" />
	<indexitem text="Scripting" target="scripting" />
	<indexitem text="Scripting on world events" target="world-scripting" />
	<indexitem text="Select body(s)" target="select-bodies" />
	<indexitem text="Setting Html text to Body" target="html-body" />
	<indexitem text="Settings and Preferenes" target="Settings and Preferenes" />
	<indexitem text="Simulation " target="simulation-menu" />
	<indexitem text="Simulation Tree Panel" target="simulation-panel1" />
	<indexitem text="Slider" target="slider1" />
	<indexitem text="Snapshot Menu" target="snapshots-menu" />
	<indexitem text="Status Bar" target="status" />
	<indexitem text="The features of SimPhy" target="features" />
	<indexitem text="The working environment" target="workenviron" />
	<indexitem text="Timer" target="timer1" />
	<indexitem text="Toolbars" target="toolbar1" />
	<indexitem text="Tutorial" target="tutorial" />
	<indexitem text="Types  of Bodies" target="body-types" />
	<indexitem text="Types of joint" target="joint-types" />
	<indexitem text="Understanding the &quot;.ssim&quot; file" target="ssim_under" />
	<indexitem text="Upload" target="proj_upload_download" />
	<indexitem text="Using the online help" target="use_help" />
	<indexitem text="Using the tutorial" target="tutorial" />
	<indexitem text="What is SimPhy" target="what_is" />
	<indexitem text="What's new in version 4.0 of SimPhy" target="what_is_new_4_0" />
	<indexitem text="Widgets" target="widgets" />
	<indexitem text="Widgets toolbar" target="widgets-toolbar" />
	<indexitem text="Widget types" target="widget-types" />
	<indexitem text="Window Menu" target="window-menu1" />
	<indexitem text="World" target="world" />
	<indexitem text="World settings" target="settings" />
	<indexitem text="Keyboard Navigation" target="keyboard_navigation" />
	<indexitem text="Mouse Controls" target="mouse_controls" />
	<indexitem text="Navigation" target="navigation" />
	<indexitem text="Vector's Functions reference" target="function_reference" />
	<indexitem text="What is new in Simphy 5.0" target="what_is_new_5_0" />
	<indexitem text="Canvas Scriptin Reference" target="Canvas Scriptin Reference" />
	<indexitem text="World Scripting Reference" target="World Scripting Reference" />
	<indexitem text="Body's Functions Reference" target="Body's Functions Reference" />
	<indexitem text="Joint's Scripting Reference" target="Joint's Funtcions Reference" />
	<indexitem text="Joint's Functions Reference" target="Joint's Funtcions Reference" />
</index>
