<?xml version='1.0' encoding='ISO-8859-1'?>
<!DOCTYPE map PUBLIC "-//Sun Microsystems Inc.//DTD JavaHelp Map Version 2.0//EN"
                     "http://java.sun.com/products/javahelp/map_2_0.dtd">

<map version="1.0">
	<mapID target="aabb-icon" url="topics/images/aabb-icon.png"/>
	<mapID target="aa-icon" url="topics/images/aa-icon.png"/>
	<mapID target="about" url="topics/menu/help/about.html"/>
	<mapID target="add-body" url="topics/bodies/add-body.html"/>
	<mapID target="add-body-dialog" url="topics/images/add-body-dialog.png"/>
	<mapID target="add-body-done" url="topics/images/add-body-done.png"/>
	<mapID target="add-body-mouse" url="topics/images/add-body-mouse.png"/>
	<mapID target="add-fixture" url="topics/images/add-fixture.png"/>
	<mapID target="add-fixture1" url="topics/bodies/fixtures/add-fixture.html"/>
	<mapID target="add-fixture-done-mouse" url="topics/images/add-fixture-done-mouse.png"/>
	<mapID target="add-fixture-mouse" url="topics/images/add-fixture-mouse.png"/>
	<mapID target="add-fixture-rect" url="topics/images/add-fixture-rect.png"/>
	<mapID target="add-freehand-icon" url="topics/images/add-freehand-icon.png"/>
	<mapID target="add-image-icon" url="topics/images/add-image-icon.png"/>
	<mapID target="add-joint" url="topics/joints/add-joint.html"/>
	<mapID target="add-joint-dialog" url="topics/images/add-joint-dialog.png"/>
	<mapID target="add-joint-done" url="topics/images/add-joint-done.png"/>
	<mapID target="add-polygon-fixture" url="topics/images/add-polygon-fixture.png"/>
	<mapID target="add-ray" url="topics/ray/add-ray.html"/>
	<mapID target="add-ray-dialog" url="topics/images/add-ray-dialog.png"/>
	<mapID target="add-ray-done" url="topics/images/add-ray-done.png"/>
	<mapID target="add-revolute-joint-icon" url="topics/images/add-revolute-joint-icon.png"/>
	<mapID target="add-widget" url="topics/widgets/add-widget.html"/>
	<mapID target="advanced" url="topics/preferences/advanced-pref/advanced.html"/>
	<mapID target="alarm-action" url="topics/images/alarm-action.png"/>
	<mapID target="analyze_toolbar" url="topics/images/analyze_toolbar.png"/>
	<mapID target="analyze-toolbar" url="topics/workenviron/toolbars/analyze-toolbar.html"/>
	<mapID target="angle-joint-icon" url="topics/images/angle-joint-icon.png"/>
	<mapID target="apply-force" url="topics/force/apply-ext-force.html"/>
	<mapID target="apply-force-dialog" url="topics/images/apply-force-dialog.png"/>
	<mapID target="applyforce-icon" url="topics/images/applyforce-icon.png"/>
	<mapID target="applyimpulse-icon" url="topics/images/applyimpulse-icon.png"/>
	<mapID target="apply-torque" url="topics/force/apply-ext-torque.html"/>
	<mapID target="apply-torque-dialog" url="topics/images/apply-torque-dialog.png"/>
	<mapID target="applytorque-icon" url="topics/images/applytorque-icon.png"/>
	<mapID target="back" url="topics/images/back.png"/>
	<mapID target="background" url="topics/introduction/background.html"/>
	<mapID target="basic-settings" url="topics/preferences/basic-settings.html"/>
	<mapID target="bodies" url="topics/bodies/bodies.html"/>
	<mapID target="body-context-menu" url="topics/images/body-context-menu.png"/>
	<mapID target="body-context-menu-force" url="topics/images/body-context-menu-force.png"/>
	<mapID target="body-folder-context-menu" url="topics/images/body-folder-context-menu.png"/>
	<mapID target="body-gestures" url="topics/images/body-gestures.png"/>
	<mapID target="body-html" url="topics/images/body-html.png"/>
	<mapID target="body-icon" url="topics/images/body-icon.png"/>
	<mapID target="body-types" url="topics/bodies/body-types.html"/>
	<mapID target="bounds" url="topics/world/bounds.html"/>
	<mapID target="bounds-context-menu" url="topics/images/bounds-context-menu.png"/>
	<mapID target="bounds-dialog" url="topics/images/bounds-dialog.png"/>
	<mapID target="bounds-icon" url="topics/images/bounds-icon.png"/>
	<mapID target="box-icon" url="topics/images/box-icon.png"/>
	<mapID target="brush" url="topics/camera-brush-gesture/brush.html"/>
	<mapID target="brush-panel" url="topics/images/brush-panel.png"/>
	<mapID target="bullet" url="topics/images/bullet.png"/>
	<mapID target="bullet2" url="topics/images/bullet2.png"/>
	<mapID target="bullet3" url="topics/images/bullet3.png"/>
	<mapID target="button" url="topics/images/button.png"/>
	<mapID target="button1" url="topics/widgets/widgettypes/button.html"/>
	<mapID target="cag_difference-icon" url="topics/images/cag_difference-icon.png"/>
	<mapID target="cag_exclusiveor-icon" url="topics/images/cag_exclusiveor-icon.png"/>
	<mapID target="cag_intersection-icon" url="topics/images/cag_intersection-icon.png"/>
	<mapID target="cag_union-icon" url="topics/images/cag_union-icon.png"/>
	<mapID target="cag-icon" url="topics/images/cag-icon.png"/>
	<mapID target="cag-settings-toolbar" url="topics/images/cag-settings-toolbar.png"/>
	<mapID target="camera" url="topics/camera-brush-gesture/camera.html"/>
	<mapID target="camera-brush-gesture" url="topics/camera-brush-gesture/camera-brush-gesture.html"/>
	<mapID target="camera-icon" url="topics/images/camera-icon.png"/>
	<mapID target="camera-toolbar" url="topics/images/camera-toolbar.png"/>
	<mapID target="capsule-icon" url="topics/images/capsule-icon.png"/>
	<mapID target="category" url="topics/images/category.png"/>
	<mapID target="chain-icon" url="topics/images/chain-icon.png"/>
	<mapID target="chain-settings-toolbar" url="topics/images/chain-settings-toolbar.png"/>
	<mapID target="checkbox-icon" url="topics/images/checkbox-icon.png"/>
	<mapID target="chian-icon" url="topics/images/chian-icon.png"/>
	<mapID target="circle-icon" url="topics/images/circle-icon.png"/>
	<mapID target="clock" url="topics/images/clock.png"/>
	<mapID target="collision-filter" url="topics/preferences/advanced-pref/collision-filter.html"/>
	<mapID target="collsion-property-panel" url="topics/images/collsion-property-panel.png"/>
	<mapID target="combo-box-dialog" url="topics/images/combo-box-dialog.png"/>
	<mapID target="combo-box-icon" url="topics/images/combo-box-icon.png"/>
	<mapID target="contact-impulse-icon" url="topics/images/contact-impulse-icon.png"/>
	<mapID target="controls_toolbar" url="topics/images/controls_toolbar.png"/>
	<mapID target="controls-toolbar" url="topics/workenviron/toolbars/controls-toolbar.html"/>
	<mapID target="copy-icon" url="topics/images/copy-icon.png"/>
	<mapID target="curve-settings-toolbar" url="topics/images/curve-settings-toolbar.png"/>
	<mapID target="cut-icon" url="topics/images/cut-icon.png"/>
	<mapID target="disc-icon" url="topics/images/disc-icon.png"/>
	<mapID target="distance-joint" url="topics/images/distance-joint.png"/>
	<mapID target="distance-joint-icon" url="topics/images/distance-joint-icon.png"/>
	<mapID target="download-dialog" url="topics/images/download-dialog.png"/>
	<mapID target="edit-body" url="topics/bodies/edit-body.html"/>
	<mapID target="edit-body-transform" url="topics/images/edit-body-transform.png"/>
	<mapID target="edit-field" url="topics/images/edit-field.png"/>
	<mapID target="edit-fixture" url="topics/bodies/fixtures/edit-fixture.html"/>
	<mapID target="edit-fixture-dialog" url="topics/images/edit-fixture-dialog.png"/>
	<mapID target="edit-fixture-mouse" url="topics/images/edit-fixture-mouse.png"/>
	<mapID target="edit-force" url="topics/force/edit-force.html"/>
	<mapID target="edit-icon" url="topics/images/edit-icon.png"/>
	<mapID target="edit-joint" url="topics/joints/edit-joint.html"/>
	<mapID target="edit-ray" url="topics/ray/edit-ray.html"/>
	<mapID target="edit-widget" url="topics/widgets/edit-widget.html"/>
	<mapID target="ellipse-icon" url="topics/images/ellipse-icon.png"/>
	<mapID target="exit" url="topics/menu/file/exit.html"/>
	<mapID target="export-menu" url="topics/images/export-menu.png"/>
	<mapID target="Favourites" url="topics/images/Favourites.png"/>
	<mapID target="FBD" url="topics/images/FBD.png"/>
	<mapID target="fbd-icon" url="topics/images/fbd-icon.png"/>
	<mapID target="features" url="topics/introduction/features.html"/>
	<mapID target="field-forces" url="topics/force/field-forces.html"/>
	<mapID target="file" url="topics/menu/file/file.html"/>
	<mapID target="file-menu" url="topics/images/file-menu.png"/>
	<mapID target="file-toolbar" url="topics/workenviron/toolbars/file-toolbar.html"/>
	<mapID target="fixture" url="topics/bodies/fixtures/fixture.html"/>
	<mapID target="fixture-context-menu" url="topics/images/fixture-context-menu.png"/>
	<mapID target="fixture-popup-menu" url="topics/images/fixture-popup-menu.png"/>
	<mapID target="force-context-menu" url="topics/images/force-context-menu.png"/>
	<mapID target="forces-and-torques" url="topics/force/forces-and-torques.html"/>
	<mapID target="forward" url="topics/images/forward.png"/>
	<mapID target="friction-joint-icon" url="topics/images/friction-joint-icon.png"/>
	<mapID target="gear-icon" url="topics/images/gear-icon.png"/>
	<mapID target="gear-settings-toolbar" url="topics/images/gear-settings-toolbar.png"/>
	<mapID target="gesture-tool" url="topics/camera-brush-gesture/gesture-tool.html"/>
	<mapID target="graph-icon" url="topics/images/graph-icon.png"/>
	<mapID target="graph-panel" url="topics/images/graph-panel.png"/>
	<mapID target="gravity" url="topics/world/gravity.html"/>
	<mapID target="help" url="topics/common/help.html"/>
	<mapID target="help-icon" url="topics/images/help-icon.png"/>
	<mapID target="help-menu" url="topics/images/help-menu.png"/>
	<mapID target="help-menu1" url="topics/menu/help/help-menu.html"/>
	<mapID target="home" url="topics/images/home.png"/>
	<mapID target="html-body" url="topics/preferences/advanced-pref/html-body.html"/>
	<mapID target="info-icon" url="topics/images/info-icon.png"/>
	<mapID target="info-joint" url="topics/images/info-joint.png"/>
	<mapID target="introduction" url="topics/introduction/introduction.html"/>
	<mapID target="joint-context-menu" url="topics/images/joint-context-menu.png"/>
	<mapID target="joint-folder-context-menu" url="topics/images/joint-folder-context-menu.png"/>
	<mapID target="joint-gestures" url="topics/images/joint-gestures.png"/>
	<mapID target="joints" url="topics/joints/joints.html"/>
	<mapID target="joints_toolbar" url="topics/images/joints_toolbar.png"/>
	<mapID target="joints_toolbar1" url="topics/workenviron/toolbars/joints_toolbar.html"/>
	<mapID target="joint-types" url="topics/joints/joint-types/joint-types.html"/>
	<mapID target="keycontrollar" url="topics/preferences/advanced-pref/keycontrollar.html"/>
	<mapID target="keycontroller-panel" url="topics/images/keycontroller-panel.png"/>
	<mapID target="label-icon" url="topics/images/label-icon.png"/>
	<mapID target="list-and-combo" url="topics/images/list-and-combo.png"/>
	<mapID target="list-and-combo1" url="topics/widgets/widgettypes/list-and-combo.html"/>
	<mapID target="list-box-icon" url="topics/images/list-box-icon.png"/>
	<mapID target="logo_large_h" url="topics/images/logo_large_h.png"/>
	<mapID target="lookandfeel-icon" url="topics/images/lookandfeel-icon.png"/>
	<mapID target="material-properties" url="topics/images/material-properties.png"/>
	<mapID target="material-properties1" url="topics/preferences/advanced-pref/material-properties.html"/>
	<mapID target="measure-icon" url="topics/images/measure-icon.png"/>
	<mapID target="menu" url="topics/menu/menu.html"/>
	<mapID target="miscellaneous_toolbar" url="topics/images/miscellaneous_toolbar.png"/>
	<mapID target="miscellaneous-toolbar" url="topics/workenviron/toolbars/miscellaneous-toolbar.html"/>
	<mapID target="motor-joint-icon" url="topics/images/motor-joint-icon.png"/>
	<mapID target="mouse-joint" url="topics/images/mouse-joint.png"/>
	<mapID target="mouse-joint-icon" url="topics/images/mouse-joint-icon.png"/>
	<mapID target="mouse-select" url="topics/images/mouse-select.png"/>
	<mapID target="move-icon" url="topics/images/move-icon.png"/>
	<mapID target="movingBody" url="topics/bodies/movingBody.html"/>
	<mapID target="multi-delete" url="topics/images/multi-delete.png"/>
	<mapID target="multi-select" url="topics/images/multi-select.png"/>
	<mapID target="new-icon" url="topics/images/new-icon.png"/>
	<mapID target="non-scriptable-widgets" url="topics/widgets/widgettypes/non-scriptable-widgets.html"/>
	<mapID target="objects_toolbar" url="topics/images/objects_toolbar.png"/>
	<mapID target="objects-toolbar" url="topics/workenviron/toolbars/objects-toolbar.html"/>
	<mapID target="open-icon" url="topics/images/open-icon.png"/>
	<mapID target="origin-icon" url="topics/images/origin-icon.png"/>
	<mapID target="panel" url="topics/images/panel.png"/>
	<mapID target="panel-icon" url="topics/images/panel-icon.png"/>
	<mapID target="parabola-icon" url="topics/images/parabola-icon.png"/>
	<mapID target="paste-icon" url="topics/images/paste-icon.png"/>
	<mapID target="pause-icon" url="topics/images/pause-icon.png"/>
	<mapID target="polygon-icon" url="topics/images/polygon-icon.png"/>
	<mapID target="preferences" url="topics/images/preferences.png"/>
	<mapID target="preferences_toolbar" url="topics/images/preferences_toolbar.png"/>
	<mapID target="print" url="topics/images/print.png"/>
	<mapID target="print-icon" url="topics/images/print-icon.png"/>
	<mapID target="prismatic-joint" url="topics/images/prismatic-joint.png"/>
	<mapID target="prismatic-joint-icon" url="topics/images/prismatic-joint-icon.png"/>
	<mapID target="proj_create" url="topics/projadmin/proj_create.html"/>
	<mapID target="proj_export" url="topics/projadmin/proj_export.html"/>
	<mapID target="proj_import" url="topics/projadmin/proj_import.html"/>
	<mapID target="proj_open" url="topics/projadmin/proj_open.html"/>
	<mapID target="proj_save" url="topics/projadmin/proj_save.html"/>
	<mapID target="proj_upload_download" url="topics/projadmin/proj_upload_download.html"/>
	<mapID target="projadmin" url="topics/projadmin/projadmin.html"/>
	<mapID target="property-panel" url="topics/workenviron/panels/property-panel.html"/>
	<mapID target="property-panel-body" url="topics/images/property-panel-body.png"/>
	<mapID target="property-panel-joint" url="topics/images/property-panel-joint.png"/>
	<mapID target="protractor-icon" url="topics/images/protractor-icon.png"/>
	<mapID target="pulley-joint" url="topics/images/pulley-joint.png"/>
	<mapID target="pulley-joint-icon" url="topics/images/pulley-joint-icon.png"/>
	<mapID target="ray-context-menu" url="topics/images/ray-context-menu.png"/>
	<mapID target="rays" url="topics/ray/rays.html"/>
	<mapID target="rays-folder-context-menu" url="topics/images/rays-folder-context-menu.png"/>
	<mapID target="rectangle-icon" url="topics/images/rectangle-icon.png"/>
	<mapID target="redo-icon" url="topics/images/redo-icon.png"/>
	<mapID target="reload" url="topics/images/reload.png"/>
	<mapID target="remove-body" url="topics/bodies/remove-body.html"/>
	<mapID target="remove-body-icon" url="topics/images/remove-body-icon.png"/>
	<mapID target="remove-fixture" url="topics/bodies/fixtures/remove-fixture.html"/>
	<mapID target="remove-force-torque" url="topics/force/remove-force-torque.html"/>
	<mapID target="remove-icon" url="topics/images/remove-icon.png"/>
	<mapID target="remove-joint" url="topics/joints/remove-joint.html"/>
	<mapID target="remove-ray" url="topics/ray/remove-ray.html"/>
	<mapID target="remove-widget" url="topics/widgets/remove-widget.html"/>
	<mapID target="reset-icon" url="topics/images/reset-icon.png"/>
	<mapID target="revolute-joint" url="topics/images/revolute-joint.png"/>
	<mapID target="revolute-joint-icon" url="topics/images/revolute-joint-icon.png"/>
	<mapID target="ring-icon" url="topics/images/ring-icon.png"/>
	<mapID target="roadmap" url="topics/introduction/roadmap.html"/>
	<mapID target="rope-joint" url="topics/images/rope-joint.png"/>
	<mapID target="rope-joint-icon" url="topics/images/rope-joint-icon.png"/>
	<mapID target="ruler-icon" url="topics/images/ruler-icon.png"/>
	<mapID target="s7_bg" url="topics/images/s7_bg.png"/>
	<mapID target="save-dialog" url="topics/images/save-dialog.png"/>
	<mapID target="save-icon" url="topics/images/save-icon.png"/>
	<mapID target="save-script-icon" url="topics/images/save-script-icon.png"/>
	<mapID target="scale-icon" url="topics/images/scale-icon.png"/>
	<mapID target="scale-overlay" url="topics/images/scale-overlay.png"/>
	<mapID target="scissor-settings-toolbar" url="topics/images/scissor-settings-toolbar.png"/>
	<mapID target="scope-icon" url="topics/images/scope-icon.png"/>
	<mapID target="scripting" url="topics/scripting-reference/Scripting.html"/>
	<mapID target="segment-icon" url="topics/images/segment-icon.png"/>
	<mapID target="select-bodies" url="topics/bodies/select-bodies.html"/>
	<mapID target="selected-body" url="topics/images/selected-body.png"/>
	<mapID target="selected-body-running" url="topics/images/selected-body-running.png"/>
	<mapID target="selected-fixture" url="topics/images/selected-fixture.png"/>
	<mapID target="settings" url="topics/preferences/settings.html"/>
	<mapID target="Settings and Preferenes" url="topics/preferences/Settings and Preferenes.html"/>
	<mapID target="simphyhelp_icon" url="topics/images/simphyhelp_icon.png"/>
	<mapID target="simphy-icon" url="topics/images/simphy-icon.png"/>
	<mapID target="simphy-playground" url="topics/images/simphy-playground.png"/>
	<mapID target="simulation-menu" url="topics/menu/simulation-menu.html"/>
	<mapID target="simulation-panel" url="topics/images/simulation-panel.png"/>
	<mapID target="simulation-panel1" url="topics/workenviron/panels/simulation-panel.html"/>
	<mapID target="simulations-menu" url="topics/images/simulations-menu.png"/>
	<mapID target="simulation-triangle" url="topics/images/simulation-triangle.png"/>
	<mapID target="slice-icon" url="topics/images/slice-icon.png"/>
	<mapID target="slider" url="topics/images/slider.png"/>
	<mapID target="slider1" url="topics/widgets/widgettypes/slider.html"/>
	<mapID target="slider-dialog" url="topics/images/slider-dialog.png"/>
	<mapID target="slider-icon" url="topics/images/slider-icon.png"/>
	<mapID target="sliderold-icon" url="topics/images/sliderold-icon.png"/>
	<mapID target="snapshot-icon" url="topics/images/snapshot-icon.png"/>
	<mapID target="snapshot-menu" url="topics/images/snapshot-menu.png"/>
	<mapID target="snapshot-remove-icon" url="topics/images/snapshot-remove-icon.png"/>
	<mapID target="snapshots-menu" url="topics/menu/snapshots-menu.html"/>
	<mapID target="snapshot-take-icon" url="topics/images/snapshot-take-icon.png"/>
	<mapID target="spindle-joint" url="topics/images/spindle-joint.png"/>
	<mapID target="split_letters-icon" url="topics/images/split_letters-icon.png"/>
	<mapID target="spring-joint" url="topics/images/spring-joint.png"/>
	<mapID target="spring-joint-icon" url="topics/images/spring-joint-icon.png"/>
	<mapID target="ssim_under" url="topics/projadmin/ssim_under.html"/>
	<mapID target="start-icon" url="topics/images/start-icon.png"/>
	<mapID target="status" url="topics/workenviron/panels/status.html"/>
	<mapID target="statusbar" url="topics/images/statusbar.png"/>
	<mapID target="step-icon" url="topics/images/step-icon.png"/>
	<mapID target="stop-icon" url="topics/images/stop-icon.png"/>
	<mapID target="table-icon" url="topics/images/table-icon.png"/>
	<mapID target="text_bold-icon" url="topics/images/text_bold-icon.png"/>
	<mapID target="text_italic-icon" url="topics/images/text_italic-icon.png"/>
	<mapID target="textbox-icon" url="topics/images/textbox-icon.png"/>
	<mapID target="text-settings-toolbar" url="topics/images/text-settings-toolbar.png"/>
	<mapID target="text-widget-icon" url="topics/images/text-widget-icon.png"/>
	<mapID target="timer" url="topics/images/timer.png"/>
	<mapID target="timer1" url="topics/widgets/widgettypes/timer.html"/>
	<mapID target="toolbar" url="topics/images/toolbar.png"/>
	<mapID target="toolbar_drag" url="topics/images/toolbar_drag.png"/>
	<mapID target="toolbar1" url="topics/workenviron/toolbars/toolbar.html"/>
	<mapID target="toolbar-tooltip" url="topics/images/toolbar-tooltip.png"/>
	<mapID target="tooltip-icon" url="topics/images/tooltip-icon.png"/>
	<mapID target="to-origin-icon" url="topics/images/to-origin-icon.png"/>
	<mapID target="tracer-icon" url="topics/images/tracer-icon.png"/>
	<mapID target="tree-icon" url="topics/images/tree-icon.png"/>
	<mapID target="triangle-icon" url="topics/images/triangle-icon.png"/>
	<mapID target="tutorial" url="topics/common/tutorial.html"/>
	<mapID target="undo-icon" url="topics/images/undo-icon.png"/>
	<mapID target="use_help" url="topics/common/use_help.html"/>
	<mapID target="useHelp_en" url="topics/images/useHelp_en.png"/>
	<mapID target="vb_physicsengine_sc" url="topics/images/vb_physicsengine_sc.png"/>
	<mapID target="vb_physicsengine_sc1" url="topics/images/vb_physicsengine_sc.png"/>
	<mapID target="velocity-icon" url="topics/images/velocity-icon.png"/>
	<mapID target="weld-joint" url="topics/images/weld-joint.png"/>
	<mapID target="weld-joint-icon" url="topics/images/weld-joint-icon.png"/>
	<mapID target="what_is" url="topics/introduction/what_is.html"/>
	<mapID target="what_is_new_4_0" url="topics/introduction/what_is_new_4_0.html"/>
	<mapID target="wheel-joint" url="topics/images/wheel-joint.png"/>
	<mapID target="wheel-joint-icon" url="topics/images/wheel-joint-icon.png"/>
	<mapID target="widget-dialog" url="topics/images/widget-dialog.png"/>
	<mapID target="widget-folder-context-menu" url="topics/images/widget-folder-context-menu.png"/>
	<mapID target="widget-icon" url="topics/images/widget-icon.png"/>
	<mapID target="widgets" url="topics/widgets/widgets.html"/>
	<mapID target="widgets_toolbar" url="topics/images/widgets_toolbar.png"/>
	<mapID target="widgets-toolbar" url="topics/workenviron/toolbars/widgets-toolbar.html"/>
	<mapID target="widget-types" url="topics/widgets/widgettypes/widget-types.html"/>
	<mapID target="window-menu" url="topics/images/window-menu.png"/>
	<mapID target="window-menu1" url="topics/menu/window-menu.html"/>
	<mapID target="workenviron" url="topics/workenviron/workenviron.html"/>
	<mapID target="world" url="topics/world/world.html"/>
	<mapID target="world-icon" url="topics/images/world-icon.png"/>
	<mapID target="world-menu" url="topics/images/world-menu.png"/>
	<mapID target="world-script-dialog" url="topics/images/world-script-dialog.png"/>
	<mapID target="world-scripting" url="topics/world/world-scripting.html"/>
	<mapID target="world-settings" url="topics/images/world-settings.png"/>
	<mapID target="zoom-in-icon" url="topics/images/zoom-in-icon.png"/>
	<mapID target="zoom-out-icon" url="topics/images/zoom-out-icon.png"/>
	<mapID target="proj_upload" url="topics/projadmin/proj_upload_download.html#upload"/>
	<mapID target="proj_download" url="topics/projadmin/proj_upload_download.html#download"/>
	<mapID target="keyboard_navigation" url="topics/navigation/keyboard_controls.html"/>
	<mapID target="mouse_controls" url="topics/navigation/mouse_controls.html"/>
	<mapID target="navigation" url="topics/navigation/navigation.html"/>
	<mapID target="function_reference" url="topics/scripting-reference/Vectors Function Reference.html"/>
	<mapID target="what_is_new_5_0" url="topics/introduction/what_is_new_5_0.html"/>
	<mapID target="Canvas Scriptin Reference" url="topics/scripting-reference/Canvas Scripting Reference.html"/>
	<mapID target="World Scripting Reference" url="topics/scripting-reference/World Scripting Reference.html"/>
	<mapID target="Body's Functions Reference" url="topics/scripting-reference/Body's Functions Reference.html"/>
	<mapID target="Joint's Funtcions Reference" url="topics/scripting-reference/Joint's Functions Reference.html"/>
	<mapID target="OnlineHelp" url="topics/images/OnlineHelp.png"/>
	<mapID target="._slider-icon" url="topics/images/._slider-icon.png"/>
	<mapID target="splash" url="topics/images/splash.png"/>
</map>
