<?xml version='1.0' encoding='ISO-8859-1'?>
<!DOCTYPE toc PUBLIC "-//Sun Microsystems Inc.//DTD JavaHelp TOC Version 2.0//EN"
                     "http://java.sun.com/products/javahelp/toc_2_0.dtd">

<toc version="2.0">
	<tocitem text="Help Topics" target="help">
		<tocitem text="Help in SimPhy" target="help">
			<tocitem text="Using the online help" target="use_help" />
			<tocitem text="Using the tutorial" target="tutorial" />
		</tocitem>
		<tocitem text="Introduction to SimPhy" target="introduction">
			<tocitem text="What is SimPhy" target="what_is" />
			<tocitem text="Background of Simphy" target="background" />
			<tocitem text="The features of SimPhy" target="features" />
			<tocitem text="What's new in SimPhy 4.0" target="what_is_new_4_0" />
			<tocitem text="What's new in SimPhy 5.0" target="what_is_new_5_0" />
		</tocitem>
		<tocitem text="The working environment" target="workenviron">
			<tocitem text="Simulation Tree Panel" target="simulation-panel1" />
			<tocitem text="Property Panel" target="property-panel" />
			<tocitem text="Status Bar" target="status" />
			<tocitem text="Toolbars" target="toolbar1">
				<tocitem text="File Toolbar" target="file-toolbar" />
				<tocitem text="Simulation controls toolbar" target="controls-toolbar" />
				<tocitem text="Analyze physics toolbar" target="analyze-toolbar" />
				<tocitem text="Create bodies toolbar" target="objects-toolbar" />
				<tocitem text="Create joints toolbar" target="joints_toolbar1" />
				<tocitem text="Add widgets toolbar" target="widgets-toolbar" />
				<tocitem text="Miscellaneous toolbar" target="miscellaneous-toolbar" />
			</tocitem>
		</tocitem>
		<tocitem text="Navigation Controls" target="navigation">
			<tocitem text="KeyBoard ShortCuts" target="keyboard_navigation" />
			<tocitem text="Mouse Controls" target="mouse_controls" />
		</tocitem>
		<tocitem text="Main menu" target="menu">
			<tocitem text="File Menu" target="file">
				<tocitem text="New" target="proj_create" />
				<tocitem text="Open.." target="proj_open" />
				<tocitem text="Import.." target="proj_import" />
				<tocitem text="Save" target="proj_save" />
				<tocitem text="Export.." target="proj_export" />
				<tocitem text="Upload" target="proj_upload" />
				<tocitem text="Download" target="proj_download" />
				<tocitem text="Exit" target="exit" />
			</tocitem>
			<tocitem text="Snapshot Menu" target="snapshots-menu" />
			<tocitem text="Simulation " target="simulation-menu" />
			<tocitem text="Window Menu" target="window-menu1" />
			<tocitem text="Help Menu" target="help-menu1">
				<tocitem text="Help Topics" target="help" />
				<tocitem text="Tutorial" target="tutorial" />
				<tocitem text="About SimPhy" target="about" />
			</tocitem>
		</tocitem>
		<tocitem text="Create and save Simulations" target="projadmin">
			<tocitem text="Understanding the &quot;.ssim&quot; file" target="ssim_under" />
			<tocitem text="Creating a new simulation" target="proj_create" />
			<tocitem text="Opening a simulation" target="proj_open" />
			<tocitem text="Importing a simulation" target="proj_import" />
			<tocitem text="Exporting simulation" target="proj_export" />
			<tocitem text="Saving a simulation" target="proj_save" />
			<tocitem text="Downloading and uploading simulation" target="proj_upload_download" />
		</tocitem>
		<tocitem text="Bodies" target="bodies">
			<tocitem text="Types  of Bodies" target="body-types" />
			<tocitem text="Remove body(s)" target="remove-body" />
			<tocitem text="Edit a body" target="edit-body" />
			<tocitem text="Select body(s)" target="select-bodies" />
			<tocitem text="Add body " target="add-body" />
			<tocitem text="fixture" target="fixture">
				<tocitem text="Add fixture" target="add-fixture1" />
				<tocitem text="Edit fixture" target="edit-fixture" />
				<tocitem text="Remove fixture" target="remove-fixture" />
			</tocitem>
		</tocitem>
		<tocitem text="Joints" target="joints">
			<tocitem text="Types of joint" target="joint-types" />
			<tocitem text="Edit a joint" target="edit-joint" />
			<tocitem text="Remove a joint" target="remove-joint" />
			<tocitem text="Add new  joint" target="add-joint" />
		</tocitem>
		<tocitem text="World" target="world">
			<tocitem text="bounds" target="bounds" />
			<tocitem text="Gravity and fields" target="gravity" />
			<tocitem text="Scripting on world events" target="world-scripting" />
		</tocitem>
		<tocitem text="Forces and Torque" target="features">
			<tocitem text="Field forces" target="field-forces" />
			<tocitem text="Apply external force" target="apply-force" />
			<tocitem text="Apply external torque" target="apply-torque" />
			<tocitem text="Remove force/torque" target="remove-force-torque" />
		</tocitem>
		<tocitem text="Camera, Brush and Gesture" target="camera-brush-gesture">
			<tocitem text="Brush" target="brush" />
			<tocitem text="Camera" target="camera" />
			<tocitem text="Gesture tool" target="gesture-tool" />
		</tocitem>
		<tocitem text="Settings and Preferenes" target="Settings and Preferenes">
			<tocitem text="Quick settings for objects and joints" target="basic-settings" />
			<tocitem text="World settings" target="settings" />
			<tocitem text="Advanced Setting" target="advanced">
				<tocitem text="Material properties for body.html" target="material-properties1" />
				<tocitem text="Key Controllars for Body" target="keycontrollar" />
				<tocitem text="Collision filterering" target="collision-filter" />
				<tocitem text="Setting Html text to Body" target="html-body" />
			</tocitem>
		</tocitem>
		<tocitem text="Scripting" target="scripting">
			<tocitem text="Vector's Functions Reference" target="function_reference" />
			<tocitem text="World Scripting Reference" target="World Scripting Reference" />
			<tocitem text="Body Scripting Reference" target="Body's Functions Reference" />
			<tocitem text="Canvas Scripting Reference" target="Canvas Scriptin Reference" />
			<tocitem text="Joint's Scripting Reference" target="Joint's Funtcions Reference" />
		</tocitem>
		<tocitem text="Rays" target="rays">
			<tocitem text="Remove a ray" target="remove-ray" />
			<tocitem text="Add new ray" target="add-ray" />
			<tocitem text="Edit ray" target="edit-ray" />
		</tocitem>
		<tocitem text="Widgets" target="widgets">
			<tocitem text="Add new widget" target="add-widget" />
			<tocitem text="Remove a widget" target="remove-widget" />
			<tocitem text="Edit a widget" target="edit-widget" />
			<tocitem text="Widget types" target="widget-types">
				<tocitem text="Non-scriptable-widgets" target="non-scriptable-widgets" />
				<tocitem text="Button" target="button1" />
				<tocitem text="Timer" target="timer1" />
				<tocitem text="Slider" target="slider1" />
				<tocitem text="Listbox and combobox" target="list-and-combo1" />
			</tocitem>
		</tocitem>
	</tocitem>
</toc>
